jd_text,cv_text,score,type
"Seeking an Intern Software Developer proficient in Python, Java, C#, JavaScript, HTML, CSS. Must have experience with Spring Boot, Spring Security, Spring Data JPA, ASP.NET Core MVC, Entity Framework Core. Familiarity with TensorFlow, Keras, PyTorch, Thymeleaf, and Bootstrap is essential for developing full-stack applications and AI components.","Role: Software Developer (Intern). Skills: Python, Java, C#, JavaScript, HTML, CSS, Spring Boot, Spring Security, Spring Data JPA, ASP.NET Core MVC, Entity Framework Core, TensorFlow, Keras, PyTorch, Thymeleaf, Bootstrap.",1.0,Positive
"Join us as an Intern AI Engineer. Must be proficient in Python, C, Java, Pandas, Numpy, Matplotlib, Seaborn, OpenCV, PyTorch, TensorFlow, Ultralytics. Experience with LangChain, Gradio, Transformer, YOLO, Torch, and crawl4ai is essential for developing and deploying advanced artificial intelligence models and solutions.","Role: AI Engineer (Intern). Skills: Python, C, Java, Pandas, Numpy, Matplotlib, Seaborn, OpenCV, PyTorch, TensorFlow, Ultralytics, LangChain, Gradio, Transformer, YOLO, Torch, crawl4ai.",1.0,Positive
"We need an Intern Frontend Developer with strong skills in HTML, CSS, JavaScript, and TypeScript. Proficiency in PHP, React.js, Vite, and Tailwind CSS is crucial. Experience with Node.js is also required for building responsive, modern user interfaces and dynamic web applications.","Role: Frontend Developer (Intern). Skills: HTML, CSS, JavaScript, TypeScript, PHP, React.js, Vite, Tailwind CSS, Node.js.",1.0,Positive
"Seeking an Intern Tester with fundamental knowledge of HTML, CSS, and SQL. This role involves assisting in web application testing, ensuring UI/UX consistency, and validating data integrity using SQL queries. The ideal candidate will support quality assurance efforts for various projects.","Role: Tester (Intern). Skills: HTML, CSS, SQL.",1.0,Positive
"We're hiring an Intern AI Engineer. Candidates must possess strong programming skills in Python and Java. Essential experience includes PyTorch for developing and implementing machine learning models. This role focuses on supporting AI research and development initiatives, contributing to innovative solutions.","Role: AI Engineer (Intern). Skills: Python, Java, PyTorch.",1.0,Positive
"Seeking an Intern Software Developer proficient in Python, Java, and JavaScript. Ideal candidates should have experience with Spring Boot, Entity Framework Core, and basic TensorFlow. Interest in cloud platforms like AWS and containerization with Docker is a plus, along with eagerness to learn Go for new microservices. Build impactful applications with us!","Role: Software Developer (Intern). Skills: Python, Java, C#, JavaScript, HTML, CSS, Spring Boot, Spring Security, Spring Data JPA, ASP.NET Core MVC, Entity Framework Core, TensorFlow, Keras, PyTorch, Thymeleaf, Bootstrap.",0.6,Partial
"Intern AI Engineer wanted. Must have strong Python skills with experience in Pandas, Numpy, and OpenCV. Familiarity with deep learning frameworks like PyTorch and TensorFlow, plus LangChain and YOLO, is key. Eagerness to learn Scikit-learn, AWS SageMaker, and MLOps practices is highly valued. Join our innovative AI team!","Role: AI Engineer (Intern). Skills: Python, C, Java, Pandas, Numpy, Matplotlib, Seaborn, OpenCV, PyTorch, TensorFlow, Ultralytics, LangChain, Gradio, Transformer, YOLO, Torch, crawl4ai.",0.6,Partial
"Intern Frontend Developer sought. Proficient in HTML, CSS, JavaScript, React.js, and Tailwind CSS. Candidates should demonstrate a strong understanding of modern web development principles. Enthusiasm for learning Angular, GraphQL, and testing frameworks like Jest is a plus. Contribute to building dynamic user interfaces and engaging web experiences.","Role: Frontend Developer (Intern). Skills: HTML, CSS, JavaScript, TypeScript, PHP, React.js, Vite, Tailwind CSS, Node.js.",0.6,Partial
"Intern Tester needed! Basic understanding of SQL and HTML is required. The ideal candidate will assist in manual testing and test case documentation. A strong interest in learning test automation tools like Selenium, issue tracking with JIRA, and scripting with Python is highly valued. Help ensure our software quality.","Role: Tester (Intern). Skills: HTML, CSS, SQL.",0.6,Partial
"Seeking an Intern AI Engineer with foundational Python and PyTorch skills. Candidates should be eager to contribute to machine learning model development and data analysis. Interest in acquiring new skills like TensorFlow, Scikit-learn, and data manipulation with Pandas is crucial. Join us to innovate in artificial intelligence.","Role: AI Engineer (Intern). Skills: Python, Java, PyTorch.",0.6,Partial
"Seeking a visionary Senior Software Development Lead (7+ years experience) to architect complex solutions. Must have deep expertise in Python, Java, C#, Spring Boot, ASP.NET Core MVC, and modern frontend technologies like HTML, CSS, JavaScript, Thymeleaf, Bootstrap. Lead innovative projects using TensorFlow, Keras, PyTorch, ensuring robust Spring Data JPA implementation and team mentorship.","Role: Software Developer (Intern). Skills: Python, Java, C#, JavaScript, HTML, CSS, Spring Boot, Spring Security, Spring Data JPA, ASP.NET Core MVC, Entity Framework Core, TensorFlow, Keras, PyTorch, Thymeleaf, Bootstrap.",0.2,Seniority_Mismatch
"We need a pioneering Senior AI Engineering Manager (7+ years) to lead our AI initiatives. Expertise in Python, C, Java, Pandas, Numpy, PyTorch, TensorFlow, Ultralytics, and Transformer models is crucial. Drive projects utilizing YOLO, LangChain, Gradio, and crawl4ai. Oversee large-scale model deployment and mentor a high-performing AI team.","Role: AI Engineer (Intern). Skills: Python, C, Java, Pandas, Numpy, Matplotlib, Seaborn, OpenCV, PyTorch, TensorFlow, Ultralytics, LangChain, Gradio, Transformer, YOLO, Torch, crawl4ai.",0.2,Seniority_Mismatch
"Hiring a dynamic Senior Frontend Development Lead (7+ years) to drive our web interfaces. Requires mastery in HTML, CSS, JavaScript, TypeScript, React.js, Vite, and Tailwind CSS. Experience with Node.js and PHP backend integration is essential. Lead architectural decisions, mentor team members, and ensure exceptional user experiences.","Role: Frontend Developer (Intern). Skills: HTML, CSS, JavaScript, TypeScript, PHP, React.js, Vite, Tailwind CSS, Node.js.",0.2,Seniority_Mismatch
"Seeking an experienced Senior QA Manager (7+ years) to lead comprehensive testing strategies. Must possess profound expertise in HTML, CSS, and advanced SQL for database validation. Responsible for designing and implementing end-to-end testing frameworks, managing QA teams, and ensuring superior product quality and release readiness.","Role: Tester (Intern). Skills: HTML, CSS, SQL.",0.2,Seniority_Mismatch
"We require an accomplished Senior AI Engineering Lead (7+ years) to spearhead our artificial intelligence division. Profound expertise in Python, Java, and PyTorch is essential. This role involves designing, developing, and deploying advanced AI models, leading cross-functional teams, and establishing best practices in AI research and development.","Role: AI Engineer (Intern). Skills: Python, Java, PyTorch.",0.2,Seniority_Mismatch
"We're seeking an Embedded Systems Intern to assist with firmware development for IoT devices. The ideal candidate will have exposure to C/C++, RTOS concepts, and microcontroller programming. Responsibilities include debugging hardware, writing low-level drivers, and contributing to embedded software lifecycle. Knowledge of bare-metal programming is a plus.","Role: Software Developer (Intern). Skills: Python, Java, C#, JavaScript, HTML, CSS, Spring Boot, Spring Security, Spring Data JPA, ASP.NET Core MVC, Entity Framework Core, TensorFlow, Keras, PyTorch, Thymeleaf, Bootstrap.",0.1,Tech_Mismatch
"Join our team as an iOS Developer Intern to build and enhance cutting-edge mobile applications. We're looking for someone with foundational knowledge of Swift, Objective-C, and Xcode. You will assist in developing user interfaces with SwiftUI or UIKit, troubleshoot bugs, and contribute to our app's performance. Passion for mobile technology required.","Role: AI Engineer (Intern). Skills: Python, C, Java, Pandas, Numpy, Matplotlib, Seaborn, OpenCV, PyTorch, TensorFlow, Ultralytics, LangChain, Gradio, Transformer, YOLO, Torch, crawl4ai.",0.1,Tech_Mismatch
"We're searching for a Java Backend Developer Intern to contribute to our scalable enterprise applications. Ideal candidates possess basic understanding of Java, Spring Framework, and relational databases like PostgreSQL. You will help design RESTful APIs, implement business logic, and support microservices architecture. Exposure to cloud platforms is a plus.","Role: Frontend Developer (Intern). Skills: HTML, CSS, JavaScript, TypeScript, PHP, React.js, Vite, Tailwind CSS, Node.js.",0.1,Tech_Mismatch
"Seeking a Network Engineering Intern to support our robust infrastructure. Candidates should have a foundational understanding of TCP/IP, routing protocols, and network hardware configuration. You will assist in monitoring network performance, troubleshooting connectivity issues, and documenting network topology. Experience with Linux CLI and scripting is advantageous.","Role: Tester (Intern). Skills: HTML, CSS, SQL.",0.1,Tech_Mismatch
"Exciting opportunity for a Game Development Intern passionate about creating immersive experiences. We're looking for foundational C++ knowledge and familiarity with game engines like Unity or Unreal Engine. You will assist in implementing game mechanics, designing levels, and optimizing performance. Understanding of 3D graphics and physics is a plus.","Role: AI Engineer (Intern). Skills: Python, Java, PyTorch.",0.1,Tech_Mismatch
"Seeking a proactive Network Engineer Intern. You will assist in network infrastructure projects, implementing automation scripts and tools. Requires strong foundational skills in Python and PowerShell scripting for configuration management and system automation tasks. Join our team to gain hands-on experience and contribute to robust network solutions.","Role: Network Engineer (Intern). Skills: Python, PowerShell.",1.0,Positive
"We are hiring a Data Analyst (Intern/Fresher) passionate about data-driven insights. Responsibilities include data collection, cleaning, and visualization. Proficiency in Python and JavaScript is essential, along with experience using Pandas for data manipulation, Matplotlib for visualization, and Scikit-learn for machine learning tasks.","Role: Data Analyst (Intern/Fresher). Skills: Python, JavaScript, Pandas, Matplotlib, Scikit-learn.",1.0,Positive
"Join us as an AI Engineer (Intern/Fresher) to develop and deploy cutting-edge AI solutions. You will work on machine learning models, requiring solid skills in Python, SQL, TensorFlow, and PyTorch. Experience with Scikit-learn, Numpy, and Pandas for data preprocessing and analysis is also crucial.","Role: AI Engineer (Intern/Fresher). Skills: Python, SQL, TensorFlow, PyTorch, Scikit-learn, Numpy, Pandas.",1.0,Positive
"We seek an enthusiastic DevOps Engineer (Intern/Fresher) to help streamline our development lifecycle. Responsibilities include scripting automation and supporting deployment processes. Candidates must possess proficiency in Python, JavaScript, Java, Scratch, and Lua. Familiarity with React for frontend aspects of tooling is also valued.","Role: DevOps Engineer (Intern/Fresher). Skills: Python, JavaScript, Java, Scratch, Lua, React.",1.0,Positive
"Seeking a Junior AI Developer or Data Engineer. Requires strong programming in Python, Java, C, JavaScript, HTML, CSS. Develop AI models using OpenCV, PyTorch, TensorFlow, Keras, NLTK, Hugging Face, Gensim. Data skills: Pandas, Scikit-learn, Matplotlib, NumPy, Pickle. Drive innovation in AI/ML solutions and data pipelines.","Role: AI Developer or Data Engineer (Junior). Skills: Python, Java, C, JavaScript, HTML, CSS, OpenCV, PyTorch, TensorFlow, Keras, NLTK, Pandas, Scikit-learn, Matplotlib, Hugging Face, Gensim, NumPy, Pickle.",1.0,Positive
"Seeking an Intern Network Engineer to assist with network automation. Must have foundational Python skills. Familiarity with Go, BASH scripting, and basic cloud networking concepts like AWS is highly valued. You will contribute to system configuration and support network operations.","Role: Network Engineer (Intern). Skills: Python, PowerShell.",0.6,Partial
"Seeking an Intern/Fresher Data Analyst. Must have Python, Pandas, and Matplotlib skills for data visualization. Familiarity with SQL, R, or Tableau for reporting is a strong plus. You will assist with data collection, cleaning, and basic report generation.","Role: Data Analyst (Intern/Fresher). Skills: Python, JavaScript, Pandas, Matplotlib, Scikit-learn.",0.6,Partial
"Seeking an Intern/Fresher AI Engineer with strong Python, TensorFlow, and Scikit-learn skills. Exposure to cloud ML platforms (AWS Sagemaker/Azure ML) and MLOps concepts (e.g., Docker) is highly desirable. You will assist in developing and deploying machine learning models.","Role: AI Engineer (Intern/Fresher). Skills: Python, SQL, TensorFlow, PyTorch, Scikit-learn, Numpy, Pandas.",0.6,Partial
"Seeking an Intern/Fresher DevOps Engineer. Requires foundational Python, JavaScript, and Java. Must have knowledge of Docker, Kubernetes, and basic cloud platforms (AWS/Azure). Linux experience and familiarity with CI/CD tools are essential for supporting automation and infrastructure.","Role: DevOps Engineer (Intern/Fresher). Skills: Python, JavaScript, Java, Scratch, Lua, React.",0.6,Partial
"Hiring a Junior AI Developer/Data Engineer. Requires strong Python, PyTorch, TensorFlow, Scikit-learn, NLTK, and Pandas skills. Experience with AWS Sagemaker/Azure ML and big data technologies (Apache Spark/Kafka) is highly valued. Develop and deploy scalable AI/ML solutions.","Role: AI Developer or Data Engineer (Junior). Skills: Python, Java, C, JavaScript, HTML, CSS, OpenCV, PyTorch, TensorFlow, Keras, NLTK, Pandas, Scikit-learn, Matplotlib, Hugging Face, Gensim, NumPy, Pickle.",0.6,Partial
"We need a Senior Network Engineering Lead (7+ years experience) to spearhead global network architecture. Responsibilities include strategic planning, team management, and advanced troubleshooting. Must possess exceptional expertise in Python and PowerShell scripting for large-scale automation and infrastructure deployment. Drive innovation and mentor junior engineers effectively.","Role: Network Engineer (Intern). Skills: Python, PowerShell.",0.2,Seniority_Mismatch
"Seeking a Principal Data Analytics Architect (8+ years experience) to design enterprise-level solutions. Lead complex data projects using Python, Pandas for manipulation, Matplotlib for advanced visualization, and Scikit-learn for ML model development. Proficiency in JavaScript for dashboard integration and strategic data storytelling is crucial for this leadership role.","Role: Data Analyst (Intern/Fresher). Skills: Python, JavaScript, Pandas, Matplotlib, Scikit-learn.",0.2,Seniority_Mismatch
"Hiring an AI Engineering Director (9+ years experience) to lead our cutting-edge AI initiatives. Deep expertise required in Python, SQL, TensorFlow, PyTorch, Scikit-learn, Numpy, and Pandas. You will architect, implement, and manage high-impact machine learning systems, guiding a large engineering team and defining our AI roadmap.","Role: AI Engineer (Intern/Fresher). Skills: Python, SQL, TensorFlow, PyTorch, Scikit-learn, Numpy, Pandas.",0.2,Seniority_Mismatch
"We seek a Principal DevOps Architect (10+ years experience) to lead our infrastructure and CI/CD strategy. Required mastery in Python, JavaScript, Java, and React for robust automation. Expertise in Scratch and Lua for legacy system integration is a distinct advantage. Guide senior engineers and drive operational excellence.","Role: DevOps Engineer (Intern/Fresher). Skills: Python, JavaScript, Java, Scratch, Lua, React.",0.2,Seniority_Mismatch
"Recruiting a Chief AI/Data Engineering Officer (12+ years experience) to define our advanced AI and data platform strategy. Requires deep expertise in Python, Java, C, JavaScript, HTML, CSS, OpenCV, PyTorch, TensorFlow, Keras, NLTK, Pandas, Scikit-learn, Matplotlib, Hugging Face, Gensim, NumPy, and Pickle. Lead multiple engineering divisions.","Role: AI Developer or Data Engineer (Junior). Skills: Python, Java, C, JavaScript, HTML, CSS, OpenCV, PyTorch, TensorFlow, Keras, NLTK, Pandas, Scikit-learn, Matplotlib, Hugging Face, Gensim, NumPy, Pickle.",0.2,Seniority_Mismatch
"Frontend Web Development Intern needed to build intuitive user interfaces. Develop responsive web applications using HTML, CSS, JavaScript, and modern frameworks like React. Collaborate on UI/UX design and ensure cross-browser compatibility. Passion for crafting engaging user experiences is essential. Join our innovative team!","Role: Network Engineer (Intern). Skills: Python, PowerShell.",0.1,Tech_Mismatch
"Embedded Systems Intern/Fresher wanted for low-level firmware development. Work with C/C++ on microcontrollers and RTOS to control hardware. Develop device drivers, optimize code for resource-constrained environments, and debug embedded systems. Experience with hardware interfacing and real-time programming is a plus. Apply now!","Role: Data Analyst (Intern/Fresher). Skills: Python, JavaScript, Pandas, Matplotlib, Scikit-learn.",0.1,Tech_Mismatch
"Mobile App Development Intern/Fresher desired to craft engaging native applications. Build user-friendly interfaces for iOS or Android platforms using Swift/Kotlin and relevant SDKs. Integrate REST APIs, manage state, and ensure app performance. Exposure to UI/UX principles and mobile architecture is a plus. Innovate with us!","Role: AI Engineer (Intern/Fresher). Skills: Python, SQL, TensorFlow, PyTorch, Scikit-learn, Numpy, Pandas.",0.1,Tech_Mismatch
"Game Development Intern/Fresher sought to contribute to exciting new titles. Develop game mechanics and features using C# in Unity or C++ in Unreal Engine. Work on 3D graphics, physics simulations, and optimize performance. Collaborate with artists and designers to bring game concepts to life. Passion for gaming essential!","Role: DevOps Engineer (Intern/Fresher). Skills: Python, JavaScript, Java, Scratch, Lua, React.",0.1,Tech_Mismatch
"Junior Cybersecurity Analyst desired to protect our digital assets. Monitor security systems, respond to incidents, and perform vulnerability assessments. Work with SIEM tools, firewalls, and intrusion detection systems. Develop and implement security policies. Strong understanding of network protocols and threat landscapes is required. Secure our future!","Role: AI Developer or Data Engineer (Junior). Skills: Python, Java, C, JavaScript, HTML, CSS, OpenCV, PyTorch, TensorFlow, Keras, NLTK, Pandas, Scikit-learn, Matplotlib, Hugging Face, Gensim, NumPy, Pickle.",0.1,Tech_Mismatch
"We seek an AI Engineer Intern skilled in Python, Java, C++. Work with TensorFlow, PyTorch, Hugging Face, LangChain, n8n, and XChart. Develop and implement AI models. Collaborate on innovative projects. Gain hands-on experience in cutting-edge AI technologies. Apply now to advance your career.","Role: AI Engineer (Intern). Skills: Python, Java, C++, TensorFlow, PyTorch, Hugging Face, LangChain, n8n, XChart.",1.0,Positive
"We are hiring a Software Engineer / Web Developer (Intern/Fresher). Proficient in Python, HTML, CSS, PHP, Qt Designer, and Laravel. You will assist in developing and maintaining web applications, contributing to both front-end and back-end tasks. Ideal for aspiring developers ready to learn and grow.","Role: Software Engineer / Web Developer (Intern/Fresher). Skills: Python, HTML, CSS, PHP, Qt Designer, Laravel.",1.0,Positive
"Seeking a Flutter Developer Intern with strong skills in Dart, Java, and JavaScript. Experience with Flutter, Riverpod, GetX, Provider, and Retrofit is essential. You will contribute to developing and maintaining cross-platform mobile applications. Join our team to gain valuable experience.","Role: Flutter Developer (Intern). Skills: Dart, Java, JavaScript, Flutter, Riverpod, GetX, Provider, Retrofit.",1.0,Positive
"We are looking for a DevOps/Data Analytics Intern. Must have skills in Python, Java, C, PHP, HTML, CSS, SQL, and PySpark. You will assist with data processing, infrastructure automation, and analytics tasks. This role offers excellent learning opportunities in a dynamic environment.","Role: DevOps/Data Analytics (Intern). Skills: Python, Java, C, PHP, HTML, CSS, SQL, PySpark.",1.0,Positive
"Hiring a Software Engineer Intern. Possess strong skills in JavaScript, TypeScript, Java, Python, Node.js, Express.js, NextJS, Spring Boot, React, Flutter, and Bloc. You will contribute to diverse software development projects, working across various tech stacks. Excellent opportunity for a driven individual.","Role: Software Engineer (Intern). Skills: JavaScript, TypeScript, Java, Python, Node.js, Express.js, NextJS, Spring Boot, React, Flutter, Bloc.",1.0,Positive
"Looking for an AI Engineering Intern to develop machine learning models. You'll work with Python, TensorFlow, PyTorch, and LangChain. Experience with Go, AWS SageMaker, and Docker is a plus. Apply your skills to cutting-edge AI projects in a dynamic environment. Join our innovative team!","Role: AI Engineer (Intern). Skills: Python, Java, C++, TensorFlow, PyTorch, Hugging Face, LangChain, n8n, XChart.",0.6,Partial
"Seeking a Web Developer Intern/Fresher to build dynamic web applications. You'll utilize HTML, CSS, Python, and Laravel for backend development. Familiarity with JavaScript, React.js, and SQL databases is highly valued. Contribute to impactful projects and enhance user experiences. A great opportunity to kickstart your career.","Role: Software Engineer / Web Developer (Intern/Fresher). Skills: Python, HTML, CSS, PHP, Qt Designer, Laravel.",0.6,Partial
"We're hiring a Flutter Developer Intern for mobile app development. You'll primarily use Dart, Flutter, Riverpod, and Retrofit to create engaging user interfaces. Experience with Kotlin, Firebase, and Redux is beneficial. Join our team to innovate and contribute to cutting-edge mobile solutions. Grow your expertise!","Role: Flutter Developer (Intern). Skills: Dart, Java, JavaScript, Flutter, Riverpod, GetX, Provider, Retrofit.",0.6,Partial
"Seeking a DevOps/Data Analytics Intern. You will work with Python, SQL, Java, and PySpark for data processing and infrastructure support. Familiarity with Docker, AWS, and Tableau for visualization is a plus. Help us optimize data pipelines and build robust systems. A great learning opportunity in a dynamic environment.","Role: DevOps/Data Analytics (Intern). Skills: Python, Java, C, PHP, HTML, CSS, SQL, PySpark.",0.6,Partial
"Hiring a Software Engineer Intern for full-stack development. You'll use JavaScript, React, Node.js, Express.js, Python, and Spring Boot to build scalable applications. Experience with AWS, SQL databases, and Go is highly advantageous. Contribute to innovative projects in a fast-paced environment. Join our engineering team!","Role: Software Engineer (Intern). Skills: JavaScript, TypeScript, Java, Python, Node.js, Express.js, NextJS, Spring Boot, React, Flutter, Bloc.",0.6,Partial
"Seeking a Senior AI Lead (7+ years experience) to architect complex AI/ML solutions. Lead teams, strategize, and implement projects using Python, Java, C++, TensorFlow, PyTorch, Hugging Face, and LangChain. Drive innovation, ensuring high-performance systems with n8n and XChart expertise.","Role: AI Engineer (Intern). Skills: Python, Java, C++, TensorFlow, PyTorch, Hugging Face, LangChain, n8n, XChart.",0.2,Seniority_Mismatch
"We need a Senior Software Engineering Manager (7+ years) to lead high-impact web projects. Architect robust solutions using Python, HTML, CSS, PHP, and Laravel. Mentor teams, drive technical strategy, and innovate with Qt Designer. Shape our web development future, ensuring scalability and performance.","Role: Software Engineer / Web Developer (Intern/Fresher). Skills: Python, HTML, CSS, PHP, Qt Designer, Laravel.",0.2,Seniority_Mismatch
"Seeking a Senior Flutter Lead Engineer (7+ years) to architect and lead mobile app development. Utilize Dart, Java, JavaScript, Flutter, Riverpod, GetX, Provider, and Retrofit to build scalable solutions. Mentor team members, drive best practices, and deliver high-performance, engaging user experiences.","Role: Flutter Developer (Intern). Skills: Dart, Java, JavaScript, Flutter, Riverpod, GetX, Provider, Retrofit.",0.2,Seniority_Mismatch
"Senior DevOps/Data Analytics Lead (7+ years) needed to architect and manage scalable data pipelines/infrastructure. Lead teams using Python, Java, C, PHP, HTML, CSS, SQL. Drive big data processing with PySpark, ensuring robust, efficient, secure systems. Mentor, innovate, and strategize development.","Role: DevOps/Data Analytics (Intern). Skills: Python, Java, C, PHP, HTML, CSS, SQL, PySpark.",0.2,Seniority_Mismatch
"Seeking a Senior Software Engineering Lead (7+ years) to architect and deliver full-stack solutions. Lead teams leveraging JavaScript, TypeScript, Java, Python. Expertise in Node.js, Express.js, NextJS, Spring Boot, React, Flutter, and Bloc is crucial. Drive technical strategy and high-quality product delivery.","Role: Software Engineer (Intern). Skills: JavaScript, TypeScript, Java, Python, Node.js, Express.js, NextJS, Spring Boot, React, Flutter, Bloc.",0.2,Seniority_Mismatch
"Seeking an Embedded Software Intern to develop firmware for IoT devices. Program microcontrollers in C/Assembly, debug hardware, and collaborate on low-level system design. Experience with RTOS, circuit design, and hardware interfaces like SPI/I2C is a plus. Gain hands-on experience in cutting-edge embedded solutions.","Role: AI Engineer (Intern). Skills: Python, Java, C++, TensorFlow, PyTorch, Hugging Face, LangChain, n8n, XChart.",0.1,Tech_Mismatch
"Seeking a Game Development Intern/Fresher to assist in creating immersive game experiences. Implement game logic using C# within Unity, design UI elements, and optimize game performance. Familiarity with 3D modeling software and shader programming is a significant advantage. Join our innovative studio and contribute to exciting new titles!","Role: Software Engineer / Web Developer (Intern/Fresher). Skills: Python, HTML, CSS, PHP, Qt Designer, Laravel.",0.1,Tech_Mismatch
"Seeking a Data Engineering Intern to assist in building and maintaining scalable data pipelines. Implement ETL processes using Python/Scala, work with big data technologies like Spark/Kafka, and optimize SQL queries. Experience with cloud platforms (AWS/Azure) and data warehousing is a plus. Contribute to vital data infrastructure projects.","Role: Flutter Developer (Intern). Skills: Dart, Java, JavaScript, Flutter, Riverpod, GetX, Provider, Retrofit.",0.1,Tech_Mismatch
"Hiring a Robotics Software Intern to assist in developing and testing robotic systems. Program robot control algorithms in C++ (ROS), integrate sensor data, and implement navigation solutions. Familiarity with kinematics, real-time operating systems, and hardware interfaces is preferred. Gain hands-on experience shaping the future of robotics.","Role: DevOps/Data Analytics (Intern). Skills: Python, Java, C, PHP, HTML, CSS, SQL, PySpark.",0.1,Tech_Mismatch
"Seeking a Quantum Software Engineering Intern to explore and implement quantum algorithms. Code quantum circuits using Qiskit/Cirq, simulate quantum systems, and contribute to quantum application development. Background in linear algebra, quantum mechanics, or advanced physics is a plus. Join our pioneering team in quantum computing research.","Role: Software Engineer (Intern). Skills: JavaScript, TypeScript, Java, Python, Node.js, Express.js, NextJS, Spring Boot, React, Flutter, Bloc.",0.1,Tech_Mismatch
"We are seeking an Intern/Fresher Full-stack Developer proficient in C#, Python, SQL, JavaScript, Dart, HTML, CSS. Develop robust applications using ASP.NET Core, .NET Framework, and Flutter for cross-platform solutions. Utilize Pandas for data analysis. Join our team to build innovative web and mobile experiences.","Role: Full-stack Developer (Intern/Fresher). Skills: C#, Python, SQL, JavaScript, Dart, ASP.NET Core, HTML, CSS, Flutter, .NET Framework, Pandas.",1.0,Positive
"Seeking an Intern Java Developer to contribute to our dynamic projects. You will work with Java, Python, C#, Spring Boot, Spring MVC, Hibernate, and Spring Data JPA. Develop Android applications, utilizing Thymeleaf for front-end, ASP.NET MVC, and Winform for desktop solutions. Ideal for a passionate, multi-faceted developer.","Role: Intern Java Developer (Intern). Skills: Java, Python, C#, Spring MVC, Spring Boot, Hibernate, Android, Spring Data JPA, ASP.NET MVC, Thymeleaf, Winform.",1.0,Positive
We are hiring an Intern AI Engineer. The ideal candidate will possess strong skills in Python and SQL for data manipulation and model development. Experience with LangChain for building advanced language model applications and Streamlit for creating interactive data science web apps is essential. Drive innovation with AI.,"Role: AI Engineer (Intern). Skills: Python, SQL, LangChain, Streamlit.",1.0,Positive
"Seeking an Intern/Fresher Software Developer. Master modern web development using HTML, CSS, JavaScript, and Tailwind CSS. Build dynamic front-ends with React and robust back-ends with Node.js and Express. Develop mobile applications using Dart and Flutter. Experience with PHP is a plus. Innovate across platforms.","Role: Software Developer (Intern/Fresher). Skills: HTML, CSS, JavaScript, PHP, Dart, Node.js, React, Tailwind CSS, Express, Flutter.",1.0,Positive
"We are looking for an Intern AI/ML/Network Security Engineer. The successful candidate will leverage Python for developing machine learning models and automating security tasks. Strong SQL skills are required for data analysis and database security implementations. Contribute to cutting-edge AI, ML, and network security projects. Innovate and secure.","Role: AI/ML/Network Security Engineer (Intern). Skills: Python, SQL.",1.0,Positive
"Join our team as an Intern/Fresher Full-stack Developer. You'll contribute to web applications using C#, ASP.NET Core, SQL, HTML, CSS, and JavaScript. Exposure to Go, AWS, and Docker is a plus, showing eagerness to learn and grow in a dynamic environment.","Role: Full-stack Developer (Intern/Fresher). Skills: C#, Python, SQL, JavaScript, Dart, ASP.NET Core, HTML, CSS, Flutter, .NET Framework, Pandas.",0.6,Partial
"Seeking an Intern Java Developer passionate about backend systems. Work with Java, Spring Boot, Hibernate, and Spring Data JPA, contributing to enterprise applications. Experience with Android development is valued. Familiarity with Kafka, Kubernetes, and Azure is a bonus.","Role: Intern Java Developer (Intern). Skills: Java, Python, C#, Spring MVC, Spring Boot, Hibernate, Android, Spring Data JPA, ASP.NET MVC, Thymeleaf, Winform.",0.6,Partial
"Intern AI Engineer wanted to develop innovative machine learning solutions. Utilize Python and LangChain for LLM applications. An understanding of PyTorch, AWS SageMaker, and FastAPI is a plus. Collaborate on cutting-edge projects and expand your AI skills.","Role: AI Engineer (Intern). Skills: Python, SQL, LangChain, Streamlit.",0.6,Partial
"Seeking an Intern/Fresher Software Developer to build dynamic web experiences. Proficiency in HTML, CSS, JavaScript, React, and Node.js is required. Knowledge of TypeScript, Next.js, and GCP will be highly beneficial. Contribute to impactful frontend and backend development.","Role: Software Developer (Intern/Fresher). Skills: HTML, CSS, JavaScript, PHP, Dart, Node.js, React, Tailwind CSS, Express, Flutter.",0.6,Partial
"Intern AI/ML/Network Security Engineer to assist in developing secure intelligent systems. Strong Python skills are essential. Experience with TensorFlow, cybersecurity frameworks (NIST), and Go is highly advantageous. Contribute to innovative solutions at the intersection of AI and security.","Role: AI/ML/Network Security Engineer (Intern). Skills: Python, SQL.",0.6,Partial
"Seeking a Senior Full-stack Development Lead with 7+ years experience. Must excel in architecting solutions using C#, ASP.NET Core, SQL, and JavaScript. Lead critical projects, mentor teams, and leverage Flutter, Dart, Python, and Pandas. Deep expertise in .NET Framework and modern web technologies is essential for this leadership role.","Role: Full-stack Developer (Intern/Fresher). Skills: C#, Python, SQL, JavaScript, Dart, ASP.NET Core, HTML, CSS, Flutter, .NET Framework, Pandas.",0.2,Seniority_Mismatch
"Senior Java Development Lead sought, 7+ years experience. Drive complex projects utilizing Java, Spring Boot, Spring MVC, Hibernate, and Spring Data JPA. Architect robust backend systems and guide development teams. Proficiency in Android, C#, ASP.NET MVC, Thymeleaf, and Winforms will be highly valued for this role.","Role: Intern Java Developer (Intern). Skills: Java, Python, C#, Spring MVC, Spring Boot, Hibernate, Android, Spring Data JPA, ASP.NET MVC, Thymeleaf, Winform.",0.2,Seniority_Mismatch
"Senior AI Engineer Lead required with 7+ years experience. Champion advanced AI projects, architect scalable Python-based solutions, and oversee implementation. Must possess deep expertise in SQL, LangChain, and Streamlit. Lead a dynamic team, driving innovation in artificial intelligence and machine learning applications.","Role: AI Engineer (Intern). Skills: Python, SQL, LangChain, Streamlit.",0.2,Seniority_Mismatch
"Senior Software Development Manager (7+ years experience) needed. Lead diverse development teams, guiding projects from concept to deployment. Proficient in Node.js, React, Express, HTML, CSS, JavaScript, and Tailwind CSS. Drive innovative solutions using Flutter/Dart and PHP. Architect highly scalable and responsive web applications.","Role: Software Developer (Intern/Fresher). Skills: HTML, CSS, JavaScript, PHP, Dart, Node.js, React, Tailwind CSS, Express, Flutter.",0.2,Seniority_Mismatch
Senior AI/ML/Network Security Lead with 7+ years experience. Architect and implement cutting-edge security solutions leveraging AI/ML. Must possess expert-level Python skills for complex algorithm development and advanced SQL for data analysis. Lead critical security projects and mentor a high-performing engineering team.,"Role: AI/ML/Network Security Engineer (Intern). Skills: Python, SQL.",0.2,Seniority_Mismatch
"Seeking an Intern Embedded Systems Engineer to develop firmware for IoT devices. Responsibilities include C/C++ programming for microcontrollers, integrating sensor data, and debugging hardware interfaces like SPI/I2C. Experience with RTOS, bare-metal programming, and electrical schematics is a plus. Join our team to innovate in device intelligence!","Role: Full-stack Developer (Intern/Fresher). Skills: C#, Python, SQL, JavaScript, Dart, ASP.NET Core, HTML, CSS, Flutter, .NET Framework, Pandas.",0.1,Tech_Mismatch
"Intern Game Developer needed! Contribute to our next-gen gaming experiences. You'll work with Unity/Unreal Engine, C++, and implement game logic. Familiarity with 3D modeling pipelines, shader development, and multiplayer networking principles is a bonus. Bring your passion for creating immersive virtual worlds!","Role: Intern Java Developer (Intern). Skills: Java, Python, C#, Spring MVC, Spring Boot, Hibernate, Android, Spring Data JPA, ASP.NET MVC, Thymeleaf, Winform.",0.1,Tech_Mismatch
"Intern DevOps Engineer sought! Help streamline our deployment pipelines. You'll automate infrastructure using Terraform, manage containers with Docker/Kubernetes, and implement CI/CD workflows. Experience with cloud platforms like AWS or Azure and scripting in Bash is highly valued. Optimize our development lifecycle.","Role: AI Engineer (Intern). Skills: Python, SQL, LangChain, Streamlit.",0.1,Tech_Mismatch
"Fresher Data Engineer desired! Contribute to building robust data pipelines. You'll work with Scala, Apache Spark, and Kafka for large-scale data processing. Experience with ETL tools, data warehousing concepts, and cloud data platforms (e.g., Databricks, Snowflake) is beneficial. Help us manage vast datasets!","Role: Software Developer (Intern/Fresher). Skills: HTML, CSS, JavaScript, PHP, Dart, Node.js, React, Tailwind CSS, Express, Flutter.",0.1,Tech_Mismatch
"Intern Aerospace Software Engineer wanted! Develop safety-critical systems. Responsibilities include programming in Ada or C++ for real-time embedded platforms (e.g., VxWorks). Familiarity with DO-178C standards, avionics protocols, and hardware-in-the-loop testing is a strong asset. Join us in shaping the future of flight!","Role: AI/ML/Network Security Engineer (Intern). Skills: Python, SQL.",0.1,Tech_Mismatch
"Seeking a Junior Backend Developer with strong proficiency in Dart, Python, C, C#, and Java. Experience with Flutter, Node.js, and Android development is essential. Join our team to build robust backend solutions. Candidates should be eager to contribute to innovative projects and grow their skills in a dynamic environment.","Role: Backend Developer (Junior). Skills: Dart, Python, C, C#, Java, Flutter, Node.js, Android.",1.0,Positive
"We are looking for an Intern/Fresher Software Engineer proficient in Java, JavaScript, and C#. The ideal candidate will have hands-on experience with React.js, Node.js, and Express.js. Familiarity with Unity is a plus. This role offers an opportunity to work on exciting projects, enhance your development skills, and contribute to our innovative software solutions.","Role: Software Engineer (Intern/Fresher). Skills: Java, JavaScript, C#, React.js, Node.js, Express.js, Unity.",1.0,Positive
"Hiring a Network Security Intern with a foundational understanding of C#, Python, and JavaScript. Experience with PyTorch and Windows Forms development is highly valued for this role. You will assist in securing network infrastructures, analyzing threats, and implementing security protocols. This internship offers hands-on experience in a critical cybersecurity environment.","Role: Network Security Intern (Intern). Skills: C#, Python, JavaScript, PyTorch, Windows Forms.",1.0,Positive
"Seeking a Fresher Full-Stack Developer skilled in Java, PHP, JavaScript, HTML, and CSS. Must have practical experience with Spring Boot, Laravel, React, React Router, Axios, and Redux. This role involves developing and maintaining both front-end and back-end applications. Join our team to build scalable web solutions and advance your career.","Role: Full-Stack Developer (Fresher). Skills: Java, PHP, JavaScript, HTML, CSS, Spring Boot, Laravel, React, React Router, Axios, Redux.",1.0,Positive
"We need a Fresher Mobile Developer with expertise in Dart, JavaScript, TypeScript, and Java. Essential skills include Flutter, NestJS, React-Native, and React-Dom. Experience with GetX, Provider, Riverpod, and Spring is also required. Join us to develop cutting-edge mobile applications, contributing to innovative user experiences across various platforms.","Role: Mobile Developer (Fresher). Skills: Dart, JavaScript, TypeScript, Java, Flutter, NestJS, React-Native, React-Dom, GetX, Provider, Riverpod, Spring.",1.0,Positive
"Junior Backend Developer to design and implement robust server-side logic. Requires expertise in Python, Java, Node.js, and C#. Experience with Go, AWS cloud services, and Docker containerization is a plus. Collaborate on scalable microservices architectures and maintain API integrity. Join our dynamic team for impactful backend solutions.","Role: Backend Developer (Junior). Skills: Dart, Python, C, C#, Java, Flutter, Node.js, Android.",0.6,Partial
"Intern/Fresher Software Engineer to assist in developing web applications. Strong grasp of Java, JavaScript, React.js, and Node.js required. Familiarity with TypeScript, SQL databases, and Azure cloud is highly valued. Contribute to front-end and back-end development, learning new technologies and best practices from senior engineers.","Role: Software Engineer (Intern/Fresher). Skills: Java, JavaScript, C#, React.js, Node.js, Express.js, Unity.",0.6,Partial
"Network Security Intern to support our security operations. Requires foundational knowledge in Python, C#, and JavaScript for scripting and automation. Exposure to Linux environments, Bash scripting, and understanding of network protocols like TCP/IP is beneficial. Assist in vulnerability assessments and threat analysis within our secure infrastructure.","Role: Network Security Intern (Intern). Skills: C#, Python, JavaScript, PyTorch, Windows Forms.",0.6,Partial
"Fresher Full-Stack Developer needed to build dynamic web applications. Must be proficient in Java, JavaScript, HTML, CSS, React, and Spring Boot. Experience with TypeScript, SQL databases, and Docker containerization is a significant advantage. Contribute to both front-end user interfaces and back-end API development.","Role: Full-Stack Developer (Fresher). Skills: Java, PHP, JavaScript, HTML, CSS, Spring Boot, Laravel, React, React Router, Axios, Redux.",0.6,Partial
"Fresher Mobile Developer to craft engaging cross-platform applications. Essential skills include Dart, Flutter, React-Native, Java, and JavaScript. Exposure to native mobile development (Swift/Kotlin), Firebase, and GraphQL is a strong plus. Build responsive UI/UX and integrate robust backend services for our innovative mobile projects.","Role: Mobile Developer (Fresher). Skills: Dart, JavaScript, TypeScript, Java, Flutter, NestJS, React-Native, React-Dom, GetX, Provider, Riverpod, Spring.",0.6,Partial
"Seeking a Senior Backend Lead (7+ years) to architect and scale systems. Drive development with Dart, Python, Java, C#, Node.js, and Flutter. Lead and mentor a team, ensuring robust backend solutions and Android development. Innovate and optimize our core services, defining technical roadmaps.","Role: Backend Developer (Junior). Skills: Dart, Python, C, C#, Java, Flutter, Node.js, Android.",0.2,Seniority_Mismatch
"We need a Senior Software Engineering Manager (7+ years). Lead full-stack teams developing with Java, JavaScript, C#, Node.js, Express.js, and React.js. Drive architectural decisions for gaming platforms using Unity. Mentor engineers, ensuring high-quality, performant software delivery and strategic project execution.","Role: Software Engineer (Intern/Fresher). Skills: Java, JavaScript, C#, React.js, Node.js, Express.js, Unity.",0.2,Seniority_Mismatch
"Hiring a Senior Network Security Architect (7+ years). Lead advanced security projects utilizing C#, Python, and JavaScript for robust solutions. Design and implement secure systems incorporating PyTorch for threat detection. Manage security protocols and strategic Windows Forms-based tool development. Strategic vision essential.","Role: Network Security Intern (Intern). Skills: C#, Python, JavaScript, PyTorch, Windows Forms.",0.2,Seniority_Mismatch
"Senior Full-Stack Engineering Director sought (7+ years experience). Oversee complex web applications using Java, PHP, JavaScript, Spring Boot, and Laravel. Architect scalable frontends with React, Redux, Axios, React Router, HTML, CSS. Lead multiple teams, define tech strategy, and drive innovation.","Role: Full-Stack Developer (Fresher). Skills: Java, PHP, JavaScript, HTML, CSS, Spring Boot, Laravel, React, React Router, Axios, Redux.",0.2,Seniority_Mismatch
"Seeking a Principal Mobile Engineering Manager (7+ years). Lead innovative mobile strategy with Dart, Flutter, React-Native, and Java. Design scalable architectures using NestJS, Spring. Expertise with GetX, Provider, Riverpod for state management is critical. Guide teams developing cutting-edge applications and frameworks.","Role: Mobile Developer (Fresher). Skills: Dart, JavaScript, TypeScript, Java, Flutter, NestJS, React-Native, React-Dom, GetX, Provider, Riverpod, Spring.",0.2,Seniority_Mismatch
"We are seeking a Junior Game Developer to contribute to our innovative console and PC game titles. The ideal candidate will have foundational experience with game engines like Unreal Engine 5 or Godot, 3D graphics APIs such as OpenGL/DirectX, and proficiency in C++ for performance-critical systems. Join our passionate team to craft immersive interactive experiences.","Role: Backend Developer (Junior). Skills: Dart, Python, C, C#, Java, Flutter, Node.js, Android.",0.1,Tech_Mismatch
"Seeking an enthusiastic Cloud Operations Intern to assist in managing our scalable cloud infrastructure. Responsibilities include deploying and monitoring services on AWS/Azure, contributing to CI/CD pipeline automation using Jenkins/GitLab CI, and learning infrastructure-as-code with Terraform. Familiarity with Docker and Kubernetes is a plus. Gain hands-on experience in modern cloud practices.","Role: Software Engineer (Intern/Fresher). Skills: Java, JavaScript, C#, React.js, Node.js, Express.js, Unity.",0.1,Tech_Mismatch
"We're looking for an Embedded Software Intern to develop firmware for our IoT devices. The role involves programming microcontrollers in C/C++, working with RTOS (e.g., FreeRTOS), and debugging hardware. Experience with schematic reading and using oscilloscopes is beneficial. Join us to build innovative solutions at the intersection of software and hardware.","Role: Network Security Intern (Intern). Skills: C#, Python, JavaScript, PyTorch, Windows Forms.",0.1,Tech_Mismatch
"Seeking a Junior Data Engineer to build and maintain robust data pipelines for large-scale analytics. Responsibilities include designing ETL processes using tools like Apache Nifi, working with distributed systems such as Hadoop/Spark, and managing NoSQL databases like Cassandra. Familiarity with cloud data platforms (e.g., Google BigQuery) is a plus. Shape our data architecture.","Role: Full-Stack Developer (Fresher). Skills: Java, PHP, JavaScript, HTML, CSS, Spring Boot, Laravel, React, React Router, Axios, Redux.",0.1,Tech_Mismatch
"Hiring a Junior Scientific Programmer to develop high-performance computational models for complex simulations. The role requires proficiency in C++ and Fortran, experience with parallel computing frameworks like MPI/OpenMP, and familiarity with Linux environments. Knowledge of numerical methods and GPU programming (CUDA) is highly advantageous. Contribute to cutting-edge research and innovation.","Role: Mobile Developer (Fresher). Skills: Dart, JavaScript, TypeScript, Java, Flutter, NestJS, React-Native, React-Dom, GetX, Provider, Riverpod, Spring.",0.1,Tech_Mismatch
"Seeking a Junior Fullstack Developer proficient in Java, Javascript, Python, and SQL. The ideal candidate will have hands-on experience with Spring Boot and Node.js for developing robust web applications. Join our team to build scalable fullstack solutions and contribute to cutting-edge projects, enhancing your development expertise across diverse technologies.","Role: Fullstack Developer (Junior). Skills: Java, Javascript, Python, SQL, Spring Boot, Node.js.",1.0,Positive
"We are hiring a Fresher Software Developer with foundational knowledge in C#, Java, .NET Core, and Laravel. Experience with Android SDK, EF Core, Retrofit, Gson, XML, Razor Pages, and Bootstrap is essential. This role involves developing and maintaining software solutions across multiple platforms, offering a fantastic opportunity to kickstart your career in a dynamic tech environment.","Role: Software Developer (Fresher). Skills: C#, Java, .NET Core, Laravel, Android SDK, EF Core, Retrofit, Gson, XML, Razor Pages, Bootstrap.",1.0,Positive
"Seeking an Intern/Fresher AI/NLP Engineer. Proficient in Python, Java, and PyTorch, with practical experience in Unsloth, Transformer models, and DeepSpeed. Familiarity with Hugging Face, LangGraph, and LangChain is crucial for developing advanced NLP applications. This role offers hands-on experience in building and deploying innovative AI solutions, driving forward our NLP initiatives.","Role: AI/NLP Engineer (Intern/Fresher). Skills: Python, Java, PyTorch, Unsloth, Transformer, DeepSpeed, Hugging Face, LangGraph, LangChain.",1.0,Positive
"Hiring an Intern AI Engineer skilled in Python and JavaScript. Must have experience with PyTorch, Hugging Face Transformers, TRL, and Unsloth for developing and fine-tuning large language models. This internship provides an exciting opportunity to contribute to cutting-edge AI research, implement machine learning algorithms, and enhance your practical skills in a collaborative environment.","Role: AI Engineer (Intern). Skills: Python, JavaScript, PyTorch, Hugging Face Transformers, TRL, Unsloth.",1.0,Positive
"We are looking for a Junior TEST ENGINEER with strong skills in Java and SQL. The ideal candidate will have hands-on experience with Selenium, JUnit, Cucumber, Apache POI, and Appium. Familiarity with Page Object Model (POM) is essential for developing robust automated test scripts. Join our team to ensure software quality and contribute to our testing frameworks.","Role: TEST ENGINEER (Junior). Skills: Java, SQL, Selenium, JUnit, Cucumber, Apache POI, Appium, Page Object Model (POM).",1.0,Positive
"We are seeking a Junior Fullstack Developer to join our team. The ideal candidate will have experience with Java, SQL, Node.js, and Spring Boot for backend services. Familiarity with cloud platforms like AWS and a willingness to learn Go is essential. Contribute to scalable web applications and microservices architecture.","Role: Fullstack Developer (Junior). Skills: Java, Javascript, Python, SQL, Spring Boot, Node.js.",0.6,Partial
"Seeking a Fresher Software Developer with foundational knowledge in C#, .NET Core, and EF Core. Experience with Bootstrap for UI development and Android SDK is beneficial. The role requires a strong eagerness to learn Azure cloud services and modern frontend frameworks like React. Build robust, scalable applications.","Role: Software Developer (Fresher). Skills: C#, Java, .NET Core, Laravel, Android SDK, EF Core, Retrofit, Gson, XML, Razor Pages, Bootstrap.",0.6,Partial
"We're looking for an Intern/Fresher AI/NLP Engineer. Ideal candidates possess strong Python skills with experience in PyTorch, Hugging Face Transformers, and LangChain for LLM development. Exposure to TensorFlow and cloud ML platforms like AWS SageMaker is highly valued. Contribute to cutting-edge natural language processing projects.","Role: AI/NLP Engineer (Intern/Fresher). Skills: Python, Java, PyTorch, Unsloth, Transformer, DeepSpeed, Hugging Face, LangGraph, LangChain.",0.6,Partial
Seeking an Intern AI Engineer passionate about machine learning. Candidates should have solid Python programming skills and practical experience with PyTorch and Hugging Face Transformers. Exposure to Keras and understanding of cloud ML services like GCP Vertex AI are desirable. Assist in developing and deploying innovative AI solutions.,"Role: AI Engineer (Intern). Skills: Python, JavaScript, PyTorch, Hugging Face Transformers, TRL, Unsloth.",0.6,Partial
We are hiring a Junior Test Engineer with a strong foundation in Java and automated testing frameworks like Selenium and Appium. Experience with JUnit is beneficial. Familiarity with C# and modern web automation tools such as Playwright is a plus. Contribute to ensuring high-quality software releases.,"Role: TEST ENGINEER (Junior). Skills: Java, SQL, Selenium, JUnit, Cucumber, Apache POI, Appium, Page Object Model (POM).",0.6,Partial
"Seeking a Senior Fullstack Engineering Lead with 7+ years of experience to architect and lead complex projects. You will mentor a team, drive technical strategy, and deliver robust solutions using Java, Javascript, Python, SQL, Spring Boot, and Node.js. Shape our product's future.","Role: Fullstack Developer (Junior). Skills: Java, Javascript, Python, SQL, Spring Boot, Node.js.",0.2,Seniority_Mismatch
"We need a visionary Software Development Manager with 7+ years experience. Lead a cross-functional team, define architectural patterns, and drive innovation across multiple platforms. Expertise in C#, Java, .NET Core, Laravel, Android SDK, EF Core, Retrofit, and modern UI frameworks required.","Role: Software Developer (Fresher). Skills: C#, Java, .NET Core, Laravel, Android SDK, EF Core, Retrofit, Gson, XML, Razor Pages, Bootstrap.",0.2,Seniority_Mismatch
"Hiring an AI/NLP Principal Engineer, 7+ years experience, to spearhead our advanced language model initiatives. You will lead research, design scalable architectures, and deploy production-grade systems using Python, Java, PyTorch, Unsloth, Transformers, DeepSpeed, Hugging Face, LangGraph, and LangChain.","Role: AI/NLP Engineer (Intern/Fresher). Skills: Python, Java, PyTorch, Unsloth, Transformer, DeepSpeed, Hugging Face, LangGraph, LangChain.",0.2,Seniority_Mismatch
"Looking for an AI Engineering Director with 7+ years of experience to define and lead our AI product roadmap. Drive the development of cutting-edge models, manage a high-performing team, and establish best practices using Python, JavaScript, PyTorch, Hugging Face Transformers, TRL, and Unsloth.","Role: AI Engineer (Intern). Skills: Python, JavaScript, PyTorch, Hugging Face Transformers, TRL, Unsloth.",0.2,Seniority_Mismatch
"We require a Senior QA Automation Architect with 7+ years of experience to design, implement, and maintain our enterprise-level test automation framework. You'll lead strategy, mentor engineers, and ensure quality using Java, SQL, Selenium, JUnit, Cucumber, Apache POI, Appium, and Page Object Model.","Role: TEST ENGINEER (Junior). Skills: Java, SQL, Selenium, JUnit, Cucumber, Apache POI, Appium, Page Object Model (POM).",0.2,Seniority_Mismatch
"Junior Embedded Software Engineer. Develop firmware for IoT devices using C/C++. Implement real-time operating systems and device drivers. Familiarity with embedded Linux, hardware debugging, and communication protocols like SPI/I2C is essential. Contribute to robust, low-level solutions for industrial automation.","Role: Fullstack Developer (Junior). Skills: Java, Javascript, Python, SQL, Spring Boot, Node.js.",0.1,Tech_Mismatch
"Fresher Cybersecurity Analyst. We seek a proactive individual to monitor and respond to security incidents. Utilize SIEM tools, perform vulnerability assessments, and analyze network traffic using Wireshark. Basic knowledge of penetration testing methodologies and compliance frameworks is a plus for securing critical infrastructure.","Role: Software Developer (Fresher). Skills: C#, Java, .NET Core, Laravel, Android SDK, EF Core, Retrofit, Gson, XML, Razor Pages, Bootstrap.",0.1,Tech_Mismatch
"Intern/Fresher DevOps Engineer. Support CI/CD pipelines and infrastructure automation. Work with Docker, Kubernetes, and cloud platforms like AWS/Azure. Scripting experience in Bash or PowerShell is preferred. Help deploy and maintain scalable applications, ensuring reliability and operational efficiency.","Role: AI/NLP Engineer (Intern/Fresher). Skills: Python, Java, PyTorch, Unsloth, Transformer, DeepSpeed, Hugging Face, LangGraph, LangChain.",0.1,Tech_Mismatch
"Intern Database Administrator. Assist in managing and maintaining our relational database systems. Tasks include database backups, performance monitoring, and user access management. Familiarity with SQL Server or Oracle, and basic T-SQL or PL/SQL scripting, is required to support our critical data infrastructure.","Role: AI Engineer (Intern). Skills: Python, JavaScript, PyTorch, Hugging Face Transformers, TRL, Unsloth.",0.1,Tech_Mismatch
"Junior UI/UX Designer. Create intuitive and engaging user interfaces for our web and mobile applications. Develop wireframes, prototypes, and user flows using Figma or Sketch. Collaborate with product teams to conduct user research and implement design systems. A keen eye for visual aesthetics is crucial.","Role: TEST ENGINEER (Junior). Skills: Java, SQL, Selenium, JUnit, Cucumber, Apache POI, Appium, Page Object Model (POM).",0.1,Tech_Mismatch
"We're hiring a Network Engineer (Intern). This role is perfect for a highly motivated individual passionate about networking. Ideal candidates possess foundational skills in HTML, CSS, Python, Java, and SQL. You will assist in network maintenance and development, applying your technical knowledge to real-world challenges. Excellent learning opportunity.","Role: Network Engineer (Intern). Skills: HTML, CSS, Python, Java, SQL.",1.0,Positive
"Seeking an AI/ML Engineer (Intern/Fresher) for groundbreaking projects. The ideal candidate will have strong programming skills in Python, Java, and C#, with practical experience using OpenCV. You will contribute to developing and implementing innovative AI/ML models. This is an exciting opportunity to launch your career in artificial intelligence.","Role: AI/ML Engineer (Intern/Fresher). Skills: Python, Java, C#, OpenCV.",1.0,Positive
"Hiring a Full Stack Developer (Intern/Fresher). We seek a driven individual proficient in JavaScript, TypeScript, HTML5, CSS3, SASS, PHP, ReactJS (Hooks, Context API), Next.js, TailwindCSS, Node.js, and Spring Boot. You will develop robust web applications, contributing across the entire stack. Join our dynamic team for impactful projects.","Role: Full Stack Developer (Intern/Fresher). Skills: JavaScript, TypeScript, HTML5, CSS3, SASS, PHP, ReactJS, React Hooks, Context API, Next.js, TailwindCSS, Node.js, Spring Boot.",1.0,Positive
"We are looking for a Fullstack Developer (Fresher) with expertise in Dart, Python, Java, JavaScript, SQL, C/C++, C#, HTML/CSS, GDScript, Flutter, and Node.js. Experience with Google Maps API and Gemini API is essential. You'll contribute to diverse projects, developing and deploying innovative solutions across various platforms. Join our innovative team.","Role: Fullstack Developer (Fresher). Skills: Dart, Python, Java, JavaScript, SQL, C/C++, C#, HTML/CSS, GDScript, Flutter, Node.js, Google Maps API, Gemini API.",1.0,Positive
"Exciting opportunity for a Junior Web Developer Intern (Intern/Fresher)! We're seeking a passionate individual with solid foundational skills in JavaScript and Node.js. You will support our development team in building and maintaining web applications, gaining hands-on experience with modern web technologies. Great chance to grow your career.","Role: Junior Web Developer Intern (Intern/Fresher). Skills: JavaScript, Node.js.",1.0,Positive
"Seeking a motivated Network Engineer Intern. You'll contribute to network design and support. Requires Python, Java, and SQL knowledge. Experience with Cisco IOS and Linux networking is a plus. Eager to learn and troubleshoot network issues in a dynamic environment.","Role: Network Engineer (Intern). Skills: HTML, CSS, Python, Java, SQL.",0.6,Partial
We're hiring an AI/ML Engineer Intern/Fresher to assist in developing innovative machine learning solutions. Must have Python proficiency and experience with OpenCV. Familiarity with PyTorch and AWS SageMaker is highly valued. Contribute to model training and deployment. Opportunity for growth in a cutting-edge field.,"Role: AI/ML Engineer (Intern/Fresher). Skills: Python, Java, C#, OpenCV.",0.6,Partial
"Seeking a Full Stack Developer Intern/Fresher to join our agile team. Develop robust web applications using JavaScript, ReactJS, Node.js, and Spring Boot. Experience with Docker, PostgreSQL, and Azure is beneficial. Help us build scalable solutions from front-end to back-end. Excellent learning environment.","Role: Full Stack Developer (Intern/Fresher). Skills: JavaScript, TypeScript, HTML5, CSS3, SASS, PHP, ReactJS, React Hooks, Context API, Next.js, TailwindCSS, Node.js, Spring Boot.",0.6,Partial
"Hiring a Fresher Fullstack Developer to build and maintain web and mobile applications. Required: Python, JavaScript, SQL, Flutter, Node.js, and HTML/CSS. Exposure to AWS, Go, and Kubernetes is a plus. Join a team focused on innovative development and continuous learning. Make an impact from day one.","Role: Fullstack Developer (Fresher). Skills: Dart, Python, Java, JavaScript, SQL, C/C++, C#, HTML/CSS, GDScript, Flutter, Node.js, Google Maps API, Gemini API.",0.6,Partial
"Seeking a Junior Web Developer Intern/Fresher to contribute to innovative web projects. Strong JavaScript proficiency is essential. Experience with HTML/CSS, ReactJS, and Node.js is a plus. Exposure to MongoDB or SQL databases is beneficial. Grow your skills in a collaborative, fast-paced environment.","Role: Junior Web Developer Intern (Intern/Fresher). Skills: JavaScript, Node.js.",0.6,Partial
"Seeking a seasoned Senior Network Engineering Lead with 7+ years managing complex network infrastructures. Must possess extensive expertise in HTML, CSS, Python, Java, and SQL for system integration and automation. Drive strategic initiatives and mentor junior team members, ensuring robust and scalable network solutions.","Role: Network Engineer (Intern). Skills: HTML, CSS, Python, Java, SQL.",0.2,Seniority_Mismatch
"Hiring a Principal AI/ML Engineering Manager with 7+ years leadership experience. Lead advanced AI/ML projects leveraging Python, Java, and C#. Deep expertise in computer vision with OpenCV is crucial. Architect innovative solutions and guide cross-functional teams to deliver cutting-edge machine learning products.","Role: AI/ML Engineer (Intern/Fresher). Skills: Python, Java, C#, OpenCV.",0.2,Seniority_Mismatch
"Seeking a Lead Full Stack Architect with 7+ years building enterprise applications. Must master JavaScript, TypeScript, ReactJS (Hooks, Context), Next.js, and Node.js. Expertise in HTML5, CSS3, SASS, TailwindCSS, PHP, and Spring Boot is essential for leading our high-performance development teams.","Role: Full Stack Developer (Intern/Fresher). Skills: JavaScript, TypeScript, HTML5, CSS3, SASS, PHP, ReactJS, React Hooks, Context API, Next.js, TailwindCSS, Node.js, Spring Boot.",0.2,Seniority_Mismatch
"Principal Fullstack Engineering Lead (7+ years) required to spearhead complex projects. Expert in Dart, Python, Java, JavaScript, C#, and Flutter. Must demonstrate extensive experience with Node.js, SQL, C/C++, HTML/CSS, GDScript, Google Maps, and Gemini APIs. Drive technical vision and innovation.","Role: Fullstack Developer (Fresher). Skills: Dart, Python, Java, JavaScript, SQL, C/C++, C#, HTML/CSS, GDScript, Flutter, Node.js, Google Maps API, Gemini API.",0.2,Seniority_Mismatch
"Hiring a Senior Web Development Manager with 7+ years of leadership. Must be an expert in architecting scalable web solutions using JavaScript and Node.js. Lead a high-performing team, define technical roadmaps, and oversee end-to-end project delivery. Drive innovation and best practices.","Role: Junior Web Developer Intern (Intern/Fresher). Skills: JavaScript, Node.js.",0.2,Seniority_Mismatch
"We seek an enthusiastic Embedded Software Engineering Intern to contribute to our automotive control unit development. You'll gain experience with real-time operating systems, C/C++, and vehicle communication protocols like CAN. Ideal for freshers passionate about low-level programming and hardware integration in a dynamic automotive environment.","Role: Network Engineer (Intern). Skills: HTML, CSS, Python, Java, SQL.",0.1,Tech_Mismatch
"Join our team as a Frontend Web Development Intern/Fresher! We're looking for someone passionate about crafting user interfaces using modern frameworks. You'll work with React, JavaScript, HTML5, and CSS3 to build responsive and engaging web applications. Develop your skills in a fast-paced, collaborative environment.","Role: AI/ML Engineer (Intern/Fresher). Skills: Python, Java, C#, OpenCV.",0.1,Tech_Mismatch
We're hiring an iOS Mobile Developer Intern/Fresher to design and build native applications. You'll use Swift and SwiftUI to create intuitive user experiences and integrate with backend services. Ideal candidates possess a strong understanding of mobile UI/UX principles and are eager to learn Xcode and UIKit.,"Role: Full Stack Developer (Intern/Fresher). Skills: JavaScript, TypeScript, HTML5, CSS3, SASS, PHP, ReactJS, React Hooks, Context API, Next.js, TailwindCSS, Node.js, Spring Boot.",0.1,Tech_Mismatch
"Seeking a Cloud DevOps Fresher to optimize our infrastructure and deployment pipelines. You'll work with AWS, Docker, and Kubernetes to manage scalable services, implement CI/CD, and automate system configurations. Strong interest in cloud platforms, Linux, and infrastructure-as-code is essential for this role.","Role: Fullstack Developer (Fresher). Skills: Dart, Python, Java, JavaScript, SQL, C/C++, C#, HTML/CSS, GDScript, Flutter, Node.js, Google Maps API, Gemini API.",0.1,Tech_Mismatch
"We're looking for a Data Engineering Intern/Fresher to build and maintain robust data pipelines. You'll gain hands-on experience with SQL, ETL processes, and big data technologies like Spark or Hadoop. Interest in data warehousing, analytics, and strong problem-solving skills are key to succeed.","Role: Junior Web Developer Intern (Intern/Fresher). Skills: JavaScript, Node.js.",0.1,Tech_Mismatch
"We are seeking a Software Engineer Intern with an Intern level of experience. The ideal candidate will possess strong foundational skills in C, C++, C#, Dart, Hack, HTML, Java, JavaScript, Kotlin, PHP, Python, Swift, and XML. This role offers an excellent opportunity to apply a broad range of programming languages and contribute to diverse projects within a dynamic team environment, enhancing practical development experience.","Role: Software Engineer Intern (Intern). Skills: C, C++, C#, Dart, Hack, HTML, Java, JavaScript, Kotlin, PHP, Python, Swift, XML.",1.0,Positive
"We are looking for a Fresher Game Developer passionate about creating engaging experiences. The successful candidate will have foundational skills in C# and Unity, eager to contribute to our innovative game projects. This role involves developing game mechanics, implementing features, and collaborating with a creative team. If you possess a strong desire to learn and grow in game development, apply now.","Role: Game Developer (Fresher). Skills: C#, Unity.",1.0,Positive
"We are seeking an Intern/Fresher Network Engineer/Specialist to join our team. The ideal candidate will have foundational knowledge and practical skills in C, Python, and Java. This role focuses on supporting network infrastructure, developing automation scripts, and assisting with system configurations. A great opportunity for a proactive individual eager to start a career in network engineering and contribute to critical systems.","Role: Network Engineer/Specialist (Intern/Fresher). Skills: C, Python, Java.",1.0,Positive
"We are hiring a Junior Backend Developer proficient in PHP, JavaScript, HTML5, SCSS, CSS3, Java, and C#. Expertise in WordPress (ACF Pro, WPBakery, Elementor), jQuery, Spring Boot, JSP, ASP .NET Core MVC, Laravel, Bootstrap, and Laravel Sanctum is essential. This role involves developing robust backend solutions, integrating APIs, and ensuring high performance. Join our team to build scalable web applications.","Role: Backend Developer (Junior). Skills: PHP, JavaScript, HTML5, SCSS, CSS3, Java, C#, WordPress, ACF Pro, WPBakery, Elementor, jQuery, Spring Boot, JSP, ASP .NET Core MVC, Laravel, Bootstrap, Laravel Sanctum.",1.0,Positive
"Seeking an AI/Data Engineer Intern with foundational skills in Python, Java, C#, and Kotlin. Proficiency with TensorFlow, Keras, PyTorch, PySpark, OpenCV, YOLOv5, YOLOv8, and DeepSORT is required. This Intern role involves assisting with data pipeline development, machine learning model implementation, and computer vision tasks. An ideal candidate is eager to learn and contribute to cutting-edge AI projects.","Role: AI/Data Engineer Intern (Intern). Skills: Python, Java, C#, Kotlin, TensorFlow, Keras, PyTorch, PySpark, OpenCV, YOLOv5, YOLOv8, DeepSORT.",1.0,Positive
"Seeking a Software Engineer Intern. Develop robust applications using C++, Java, and Python. Contribute to frontend with JavaScript and HTML. Familiarity with C#, XML, and a passion for learning Go, Rust, and React is essential. Gain hands-on experience in a dynamic development environment.","Role: Software Engineer Intern (Intern). Skills: C, C++, C#, Dart, Hack, HTML, Java, JavaScript, Kotlin, PHP, Python, Swift, XML.",0.6,Partial
"Exciting Fresher Game Developer role! Utilize Unity for game creation and contribute to innovative projects. Proficiency in C# is a plus. We seek candidates passionate about learning Unreal Engine, C++, and applying strong game design principles. Join our creative team!","Role: Game Developer (Fresher). Skills: C#, Unity.",0.6,Partial
"Intern/Fresher Network Engineer wanted! Work with network automation using Python and C. Contribute to system configurations and troubleshooting. Experience with PowerShell, Cisco devices, and a keen interest in Azure cloud networking are valuable. Learn and grow in a dynamic infrastructure team.","Role: Network Engineer/Specialist (Intern/Fresher). Skills: C, Python, Java.",0.6,Partial
"Junior Backend Developer sought! Build robust APIs using PHP, Java (Spring Boot), and C#. Develop web interfaces with JavaScript, HTML, CSS, and Laravel. Experience with Bootstrap is beneficial. Passionate about learning Go, Node.js, and Docker for scalable solutions. Collaborate on exciting projects!","Role: Backend Developer (Junior). Skills: PHP, JavaScript, HTML5, SCSS, CSS3, Java, C#, WordPress, ACF Pro, WPBakery, Elementor, jQuery, Spring Boot, JSP, ASP .NET Core MVC, Laravel, Bootstrap, Laravel Sanctum.",0.6,Partial
"AI/Data Engineer Intern position open! Utilize Python for data processing and machine learning with TensorFlow, PyTorch, and PySpark. Familiarity with Java and OpenCV is a plus. Eager to learn Scala, AWS Sagemaker, and SQL for advanced data solutions. Join our innovative AI team.","Role: AI/Data Engineer Intern (Intern). Skills: Python, Java, C#, Kotlin, TensorFlow, Keras, PyTorch, PySpark, OpenCV, YOLOv5, YOLOv8, DeepSORT.",0.6,Partial
"Seeking a visionary Senior Software Engineering Lead (7+ years). Lead projects using C, C++, C#, Java, Python, JavaScript, PHP, Swift, Kotlin, Dart, HTML, XML. Drive architectural decisions, mentor teams, and deliver robust solutions. Proven track record in large-scale development required for this critical role.","Role: Software Engineer Intern (Intern). Skills: C, C++, C#, Dart, Hack, HTML, Java, JavaScript, Kotlin, PHP, Python, Swift, XML.",0.2,Seniority_Mismatch
"We require an experienced Senior Game Development Manager (7+ years) to lead our innovative projects. Must possess deep expertise in C# and Unity, guiding development from concept to launch. Drive team performance, manage project timelines, and ensure exceptional game quality. Leadership experience is non-negotiable.","Role: Game Developer (Fresher). Skills: C#, Unity.",0.2,Seniority_Mismatch
"We need a Principal Network Architecture Lead (7+ years) to design and manage complex network infrastructures. Must be highly proficient in C, Python, and Java for developing scalable network solutions. Oversee system architecture, mentor engineering teams, and ensure network stability and security.","Role: Network Engineer/Specialist (Intern/Fresher). Skills: C, Python, Java.",0.2,Seniority_Mismatch
"Lead Backend Architect (7+ years) needed. Design and implement robust backend solutions using PHP, JavaScript, Java, C#, Spring Boot, Laravel, ASP .NET Core MVC. Expertise in WordPress, jQuery, Bootstrap essential. Drive technical vision, mentor engineers, and ensure high-performance, scalable systems.","Role: Backend Developer (Junior). Skills: PHP, JavaScript, HTML5, SCSS, CSS3, Java, C#, WordPress, ACF Pro, WPBakery, Elementor, jQuery, Spring Boot, JSP, ASP .NET Core MVC, Laravel, Bootstrap, Laravel Sanctum.",0.2,Seniority_Mismatch
"Principal AI/Machine Learning Engineer (7+ years) sought to lead advanced AI initiatives. Expertise in Python, Java, C#, Kotlin with TensorFlow, Keras, PyTorch, PySpark, OpenCV, YOLO. Architect and deploy cutting-edge ML models, mentor junior AI engineers, and drive project success.","Role: AI/Data Engineer Intern (Intern). Skills: Python, Java, C#, Kotlin, TensorFlow, Keras, PyTorch, PySpark, OpenCV, YOLOv5, YOLOv8, DeepSORT.",0.2,Seniority_Mismatch
"We're seeking a Cloud Infrastructure Engineer Intern to assist in deploying and managing scalable cloud solutions. The role involves working with Terraform, Ansible, Docker, and Kubernetes within AWS environments. Experience with CI/CD pipelines, SRE practices, and network automation is highly valued. Join our team to build robust, fault-tolerant systems.","Role: Software Engineer Intern (Intern). Skills: C, C++, C#, Dart, Hack, HTML, Java, JavaScript, Kotlin, PHP, Python, Swift, XML.",0.1,Tech_Mismatch
"Seeking a highly analytical Fresher Quantitative Analyst to develop complex financial models and statistical algorithms. Responsibilities include data analysis, backtesting strategies, and implementing predictive models using R, MATLAB, and Python. Solid understanding of stochastic calculus and financial markets is crucial. Join our team to drive market insights.","Role: Game Developer (Fresher). Skills: C#, Unity.",0.1,Tech_Mismatch
"We're hiring a Fresher iOS Mobile App Developer to build intuitive and high-performance applications. The ideal candidate will have strong command of Swift, SwiftUI, and UIKit, with experience in Xcode. Knowledge of RESTful API integration, Core Data, and MVVM architectural patterns is essential. Join us to craft engaging user experiences on Apple devices.","Role: Network Engineer/Specialist (Intern/Fresher). Skills: C, Python, Java.",0.1,Tech_Mismatch
"Seeking a Junior Embedded Firmware Engineer to develop and debug robust firmware for IoT devices. Key responsibilities include low-level C/C++ programming for microcontrollers (ARM Cortex), RTOS integration, and hardware interface development (SPI, I2C). Experience with JTAG/SWD debugging tools and schematic comprehension is required. Join our innovative hardware team.","Role: Backend Developer (Junior). Skills: PHP, JavaScript, HTML5, SCSS, CSS3, Java, C#, WordPress, ACF Pro, WPBakery, Elementor, jQuery, Spring Boot, JSP, ASP .NET Core MVC, Laravel, Bootstrap, Laravel Sanctum.",0.1,Tech_Mismatch
"We are looking for a Frontend Web Developer Intern passionate about creating intuitive user interfaces. The role involves developing responsive web applications using React.js, TypeScript, HTML5, and CSS3. Experience with modern JavaScript (ES6+), RESTful API integration, and version control (Git) is essential. Join our team to build engaging digital experiences.","Role: AI/Data Engineer Intern (Intern). Skills: Python, Java, C#, Kotlin, TensorFlow, Keras, PyTorch, PySpark, OpenCV, YOLOv5, YOLOv8, DeepSORT.",0.1,Tech_Mismatch
"We are hiring an Intern/Fresher Software Engineer. Proficient in Java, Python, Dart, C#, C, JavaScript, Express.js, Bootstrap, HTML, CSS, Tailwind CSS, ReactJS, Node.js, Flutter, XML. Develop, test, and maintain applications. Strong problem-solving skills and eagerness to learn are essential for this role. Join our innovative team.","Role: Software Engineer (Intern/Fresher). Skills: Java, Python, Dart, C#, C, JavaScript, Express.js, Bootstrap, HTML, CSS, Tailwind CSS, ReactJS, Node.js, Flutter, XML.",1.0,Positive
"Hiring an Intern AI Engineer. Required skills: Python, PyTorch, Scikit-learn, NumPy, Pandas, OpenCV, Ultralytics YOLOv8, TorchText, Matplotlib, FlagEmbedding, Rank BM25. Develop and implement AI/ML models. Contribute to cutting-edge research and data analysis projects. Strong problem-solving abilities and eagerness to learn are essential. Join our innovative team.","Role: AI Engineer Intern (Intern). Skills: Python, PyTorch, Scikit-learn, NumPy, Pandas, OpenCV, Ultralytics YOLOv8, TorchText, Matplotlib, FlagEmbedding, Rank BM25.",1.0,Positive
"Seeking an Intern Network Security Engineer. Proficient in Python, Bash, Assembly, C, C++, SQL, PHP. This role involves assisting with network vulnerability assessments and security system monitoring. Ideal candidate possesses strong problem-solving skills, foundational knowledge of cybersecurity principles, and enthusiasm for protecting critical infrastructure. Join our security team.","Role: Network Security Engineer (Intern). Skills: Python, Bash, Assembly, C, C++, SQL, PHP.",1.0,Positive
"Seeking Intern/Fresher AI Engineer. Skills: Python, Java, JavaScript, SQL, TensorFlow, PyTorch, Scikit-learn, Keras, HuggingFace Transformers, Pandas, NumPy, Matplotlib, Seaborn, Streamlit, FastAPI, XGBoost, Random Forest, Linear Regression, Decision Tree, Heapq. Develop and deploy advanced AI models, perform data analysis. Strong problem-solving, passion for AI are essential. Join us.","Role: AI Engineer (Intern/Fresher). Skills: Python, Java, JavaScript, SQL, TensorFlow, PyTorch, Scikit-learn, Keras, HuggingFace Transformers, Pandas, NumPy, Matplotlib, Seaborn, Streamlit, FastAPI, XGBoost, Random Forest, Linear Regression, Decision Tree, Heapq.",1.0,Positive
"Hiring an Intern/Fresher Software Developer. Required skills: Python, SQL, JavaScript, Java, C#, Node.js, PySpark. You will develop, test, and deploy software applications across various projects. Candidates should possess foundational programming knowledge, strong problem-solving abilities, and an eagerness to learn in our dynamic development environment. Join our team.","Role: Software Developer (Intern/Fresher). Skills: Python, SQL, JavaScript, Java, C#, Node.js, PySpark.",1.0,Positive
"Seeking an Intern/Fresher Software Engineer. Develop scalable applications using Java, Python, JavaScript, ReactJS, and Node.js. Contribute to front-end and back-end projects. Familiarity with Flutter is beneficial. Experience with Go, Docker, and Azure cloud platforms is required. Join our innovative team!","Role: Software Engineer (Intern/Fresher). Skills: Java, Python, Dart, C#, C, JavaScript, Express.js, Bootstrap, HTML, CSS, Tailwind CSS, ReactJS, Node.js, Flutter, XML.",0.6,Partial
"We're hiring an AI Engineer Intern. Contribute to ML projects using Python, PyTorch, Scikit-learn, NumPy, and Pandas. Experience with OpenCV is a plus. Strong understanding of TensorFlow, MLOps, and R is required. Join our team to develop innovative AI solutions.","Role: AI Engineer Intern (Intern). Skills: Python, PyTorch, Scikit-learn, NumPy, Pandas, OpenCV, Ultralytics YOLOv8, TorchText, Matplotlib, FlagEmbedding, Rank BM25.",0.6,Partial
"We're hiring an Intern Network Security Engineer. Use Python, Bash, and C for scripting and vulnerability analysis. SQL knowledge is a plus. Required skills include Kali Linux for penetration testing, experience with SIEM tools, and AWS Security. Help us secure critical infrastructure.","Role: Network Security Engineer (Intern). Skills: Python, Bash, Assembly, C, C++, SQL, PHP.",0.6,Partial
"Intern/Fresher AI Engineer needed. Build ML models using Python, SQL, TensorFlow, PyTorch, Scikit-learn, Pandas, and NumPy. Streamlit/FastAPI experience is a plus. Must have MLOps, Docker, and Azure AI knowledge. Contribute to innovative AI solutions and deployment strategies with our team.","Role: AI Engineer (Intern/Fresher). Skills: Python, Java, JavaScript, SQL, TensorFlow, PyTorch, Scikit-learn, Keras, HuggingFace Transformers, Pandas, NumPy, Matplotlib, Seaborn, Streamlit, FastAPI, XGBoost, Random Forest, Linear Regression, Decision Tree, Heapq.",0.6,Partial
"We're hiring an Intern/Fresher Software Developer. Develop applications using Python, SQL, JavaScript, Java, and Node.js. C# knowledge is a plus. Required: Go for backend development, AWS cloud services, and Docker for containerization. Join our team to build scalable software solutions.","Role: Software Developer (Intern/Fresher). Skills: Python, SQL, JavaScript, Java, C#, Node.js, PySpark.",0.6,Partial
"Seeking a Senior Software Engineering Lead with 7+ years experience. Drive architectural design and mentor teams using Java, Python, JavaScript, ReactJS, Node.js, and Flutter. Expert in C#, HTML/CSS, and Express.js for complex full-stack solutions. Lead high-impact projects from conception to deployment. Strong leadership skills essential.","Role: Software Engineer (Intern/Fresher). Skills: Java, Python, Dart, C#, C, JavaScript, Express.js, Bootstrap, HTML, CSS, Tailwind CSS, ReactJS, Node.js, Flutter, XML.",0.2,Seniority_Mismatch
"Hiring a Senior AI Engineering Manager with 7+ years experience. Lead deep learning initiatives using Python, PyTorch, Scikit-learn, and OpenCV. Oversee development of models with Ultralytics YOLOv8, TorchText, and FlagEmbedding. Drive innovative solutions, mentor junior engineers, and manage project lifecycle using NumPy and Pandas.","Role: AI Engineer Intern (Intern). Skills: Python, PyTorch, Scikit-learn, NumPy, Pandas, OpenCV, Ultralytics YOLOv8, TorchText, Matplotlib, FlagEmbedding, Rank BM25.",0.2,Seniority_Mismatch
"Seeking a Senior Network Security Lead with 7+ years experience. Lead and implement advanced security protocols. Expertise in Python, Bash, Assembly, C, C++, and SQL required for robust system protection. Drive architectural decisions, manage security audits, and mentor a team of engineers. Strong leadership and technical depth essential.","Role: Network Security Engineer (Intern). Skills: Python, Bash, Assembly, C, C++, SQL, PHP.",0.2,Seniority_Mismatch
"We need a Senior AI Engineering Manager with 7+ years experience. Lead strategic AI initiatives using Python, Java, JavaScript, and SQL. Drive model development with TensorFlow, PyTorch, Keras, and HuggingFace Transformers. Guide advanced analytics with Pandas, NumPy, Matplotlib, and implement solutions with FastAPI, XGBoost. Exceptional leadership required.","Role: AI Engineer (Intern/Fresher). Skills: Python, Java, JavaScript, SQL, TensorFlow, PyTorch, Scikit-learn, Keras, HuggingFace Transformers, Pandas, NumPy, Matplotlib, Seaborn, Streamlit, FastAPI, XGBoost, Random Forest, Linear Regression, Decision Tree, Heapq.",0.2,Seniority_Mismatch
"Hiring a Senior Software Development Lead with 7+ years experience. Drive critical projects using Python, Java, JavaScript, C#, and Node.js. Architect scalable solutions and mentor development teams. Expertise in SQL and PySpark for data-intensive applications. Lead code reviews, enforce best practices, and ensure high-quality software delivery.","Role: Software Developer (Intern/Fresher). Skills: Python, SQL, JavaScript, Java, C#, Node.js, PySpark.",0.2,Seniority_Mismatch
"Seeking an enthusiastic Embedded Software Engineer Intern to develop firmware for cutting-edge IoT devices. You'll contribute to hardware abstraction layers, work with RTOS, and implement communication protocols like SPI/I2C. Proficiency in embedded C/C++, debugging tools, and understanding microcontroller architectures is essential for this exciting opportunity.","Role: Software Engineer (Intern/Fresher). Skills: Java, Python, Dart, C#, C, JavaScript, Express.js, Bootstrap, HTML, CSS, Tailwind CSS, ReactJS, Node.js, Flutter, XML.",0.1,Tech_Mismatch
"Seeking a motivated Frontend Web Developer Intern to build captivating user interfaces. You will develop responsive web applications using modern JavaScript frameworks like React or Angular, ensuring cross-browser compatibility. Strong command of HTML5, CSS3, ES6+ JavaScript, and a passion for UI/UX design are crucial for this role.","Role: AI Engineer Intern (Intern). Skills: Python, PyTorch, Scikit-learn, NumPy, Pandas, OpenCV, Ultralytics YOLOv8, TorchText, Matplotlib, FlagEmbedding, Rank BM25.",0.1,Tech_Mismatch
"We're looking for a Cloud DevOps Intern to help automate our infrastructure and deployment pipelines. Responsibilities include building CI/CD workflows, managing containerized applications with Docker and Kubernetes, and optimizing cloud resources (AWS/Azure). Familiarity with infrastructure-as-code (Terraform) and Linux administration is highly valued.","Role: Network Security Engineer (Intern). Skills: Python, Bash, Assembly, C, C++, SQL, PHP.",0.1,Tech_Mismatch
"Seeking an enthusiastic iOS Mobile Developer Intern to build innovative applications for Apple's ecosystem. You will develop features using Swift and SwiftUI/UIKit, integrate RESTful APIs, and ensure optimal user experience. Experience with Xcode, version control, and a strong passion for mobile app development are key.","Role: AI Engineer (Intern/Fresher). Skills: Python, Java, JavaScript, SQL, TensorFlow, PyTorch, Scikit-learn, Keras, HuggingFace Transformers, Pandas, NumPy, Matplotlib, Seaborn, Streamlit, FastAPI, XGBoost, Random Forest, Linear Regression, Decision Tree, Heapq.",0.1,Tech_Mismatch
"We are seeking an FPGA Design Intern to contribute to our hardware acceleration projects. You'll work with Verilog/VHDL for RTL design, conduct simulations, and assist with FPGA synthesis and implementation. A solid understanding of digital logic, embedded systems concepts, and experience with Vivado or Quartus tools is essential.","Role: Software Developer (Intern/Fresher). Skills: Python, SQL, JavaScript, Java, C#, Node.js, PySpark.",0.1,Tech_Mismatch
"Seeking an Intern Software Engineer proficient in HTML, CSS, Javascript, Nodejs, PHP, Python, Java, Kotlin, Flutter, and Android SDK. You'll develop web and mobile applications, contributing to diverse projects. This role offers practical experience, enhancing your skills across multiple technologies. Join our team to innovate and grow professionally, making a tangible impact.","Role: Software Engineer (Intern). Skills: HTML, CSS, Javascript, Nodejs, PHP, Python, Java, Kotlin, Flutter, Android SDK.",1.0,Positive
"Seeking an Intern/Fresher Cybersecurity Engineer skilled in Node.js, Android Java, Python, Express.js, Flutter, and .NET. You will secure applications and systems, identifying vulnerabilities and implementing robust security measures. This role offers hands-on experience in diverse technologies, contributing to a secure digital environment and professional growth.","Role: Cybersecurity Engineer (Intern/Fresher). Skills: Node.js, Android Java, Python, Express.js, Flutter, .NET.",1.0,Positive
"Seeking an Intern/Fresher AI Engineer / Backend Developer skilled in Java, Python, Kotlin, SQL, Spring Boot, PyTorch, TensorFlow, LangChain, FastAPI, Hugging Face Transformers, PyQt5. You'll develop AI models and robust backend systems. This role offers experience in cutting-edge technologies, contributing to innovative solutions and enhancing your development expertise.","Role: AI Engineer / Backend Developer (Intern/Fresher). Skills: Java, Python, Kotlin, SQL, Spring Boot, PyTorch, TensorFlow, LangChain, FastAPI, Hugging Face Transformers, PyQt5.",1.0,Positive
"We are seeking an enthusiastic Software Engineer Intern. Ideal candidates will have foundational experience in JavaScript, Node.js, Python, Java, and Flutter. You'll contribute to our web and mobile projects. Experience with Go, SQL databases, and containerization technologies like Docker is a plus. Join us to develop impactful solutions!","Role: Software Engineer (Intern). Skills: HTML, CSS, Javascript, Nodejs, PHP, Python, Java, Kotlin, Flutter, Android SDK.",0.6,Partial
"Seeking an Intern/Fresher Cybersecurity Engineer with scripting knowledge in Python, Node.js, or .NET for developing security tools. Candidates should understand basic network security principles and have an an interest in SIEM tools and cloud security platforms like AWS Security. This role offers hands-on experience in safeguarding our infrastructure.","Role: Cybersecurity Engineer (Intern/Fresher). Skills: Node.js, Android Java, Python, Express.js, Flutter, .NET.",0.6,Partial
"We're looking for an Intern/Fresher AI Engineer / Backend Developer proficient in Python, Java, SQL, FastAPI, and AI frameworks like PyTorch or TensorFlow, including LangChain. You'll build and deploy intelligent backend services. Experience with Go, Kubernetes, or cloud AI services like Azure ML is a strong plus. Drive innovation with us!","Role: AI Engineer / Backend Developer (Intern/Fresher). Skills: Java, Python, Kotlin, SQL, Spring Boot, PyTorch, TensorFlow, LangChain, FastAPI, Hugging Face Transformers, PyQt5.",0.6,Partial
"Seeking a visionary Senior Engineering Manager with 7+ years leading full-stack teams. Drive complex projects using HTML, CSS, JavaScript, Node.js, PHP, Python, Java, Kotlin, and Flutter with Android SDK expertise. Mentor engineers, set strategic technical direction, and ensure scalable software solutions across diverse platforms. Lead architectural design.","Role: Software Engineer (Intern). Skills: HTML, CSS, Javascript, Nodejs, PHP, Python, Java, Kotlin, Flutter, Android SDK.",0.2,Seniority_Mismatch
"Hiring a Senior Cybersecurity Lead with 7+ years experience. Architect and implement robust security solutions across Node.js, Android Java, Python, Express.js, Flutter, and .NET ecosystems. Lead threat modeling, vulnerability assessments, and incident response. Drive security best practices, manage a team, and shape our enterprise-wide cyber strategy.","Role: Cybersecurity Engineer (Intern/Fresher). Skills: Node.js, Android Java, Python, Express.js, Flutter, .NET.",0.2,Seniority_Mismatch
"We seek a Senior AI/Backend Engineering Director with 7+ years' experience. Lead advanced AI and backend development utilizing Java, Python, Kotlin, SQL, Spring Boot, PyTorch, TensorFlow, LangChain, FastAPI, and Hugging Face Transformers. Architect scalable solutions, manage large teams, and drive innovation in AI/ML products. Strategic leadership required.","Role: AI Engineer / Backend Developer (Intern/Fresher). Skills: Java, Python, Kotlin, SQL, Spring Boot, PyTorch, TensorFlow, LangChain, FastAPI, Hugging Face Transformers, PyQt5.",0.2,Seniority_Mismatch
"Embedded Firmware Intern: We seek a bright intern to assist in developing and testing firmware for our next-generation IoT devices. Work with C/C++, RTOS, and various microcontrollers. Gain hands-on experience in low-level programming and hardware interaction. Strong problem-solving skills are a plus.","Role: Software Engineer (Intern). Skills: HTML, CSS, Javascript, Nodejs, PHP, Python, Java, Kotlin, Flutter, Android SDK.",0.1,Tech_Mismatch
"Junior Game Developer: Join our team to create immersive gaming experiences. Develop game mechanics and features using C# within Unity or Unreal Engine. Experience with 3D graphics, physics engines, and game AI is highly valued. A passion for gaming and collaborative development is essential.","Role: Cybersecurity Engineer (Intern/Fresher). Skills: Node.js, Android Java, Python, Express.js, Flutter, .NET.",0.1,Tech_Mismatch
"Junior Frontend Developer: We're seeking a talented developer to build intuitive user interfaces. Responsibilities include creating responsive web applications using React, TypeScript, and modern CSS frameworks like Tailwind. Collaborate closely with designers to implement pixel-perfect UIs and enhance user experience.","Role: AI Engineer / Backend Developer (Intern/Fresher). Skills: Java, Python, Kotlin, SQL, Spring Boot, PyTorch, TensorFlow, LangChain, FastAPI, Hugging Face Transformers, PyQt5.",0.1,Tech_Mismatch
